GameID,Date,HomeConf,HomeID,HomeTeam,HomePts,AwayConf,AwayID,AwayTeam,AwayPts,HomeWinMargin
1001,1/1/2025,Yellow,123,Maine,21,Red,85,New Hope,131,-110
1002,1/1/2025,Green,53,Wyoming,77,Purple,70,Maryland,83,-6
1003,1/1/2025,Purple,68,Idaho,123,Red,83,Jefferson City,61,62
1004,1/1/2025,Purple,74,Salt Lake City,51,Crimson,22,Michigan,91,-40
1005,1/2/2025,Gold,33,El Paso,41,Orange,57,Denver,21,20
1006,1/2/2025,Crimson,26,Phoenix,129,Yellow,117,Columbia,41,88
1007,1/2/2025,Green,46,Boston,125,Crimson,25,Oregon,55,70
1008,1/2/2025,Red,79,Des Moines,81,White,110,Raleigh,69,12
1009,1/2/2025,Gold,28,San Antonio,49,Gold,36,Massachusetts,105,-56
1010,1/2/2025,Crimson,19,Georgia,81,White,115,Wisconsin,65,16
1011,1/3/2025,Orange,62,New Hampshire,47,Blue,1,Austin,53,-6
1012,1/3/2025,Red,81,Harrisburg,41,Purple,68,Idaho,13,28
1013,1/3/2025,Gold,39,Oklahoma,35,Red,88,Port St. Lucie,67,-32
1014,1/3/2025,Yellow,116,California,45,Crimson,20,Hartford,91,-46
1015,1/3/2025,Orange,59,Louisiana,55,Yellow,127,Sedona,21,34
1016,1/3/2025,Gold,40,Pennsylvania,125,Purple,76,Santa Fe,27,98
1017,1/5/2025,Gold,34,Jacksonville,93,White,105,Helena,79,14
1018,1/5/2025,Violet,97,Richmond,101,White,111,Salem,61,40
1019,1/5/2025,Violet,96,Nantucket,61,Green,52,Utah,7,54
1020,1/5/2025,Gold,32,Columbus,77,Orange,56,Charleston,27,50
1021,1/5/2025,Blue,8,Lakeland,67,Red,80,Frankfort,77,-10
1022,1/5/2025,Yellow,119,Houston,69,Orange,61,Nevada,59,10
1023,1/5/2025,Violet,93,Indiana,41,Gold,31,Augusta,73,-32
1024,1/5/2025,Green,48,Fort Worth,89,Gold,30,Atlanta,109,-20
1025,1/5/2025,Gold,29,Arizona,55,Purple,77,Wilmington,13,42
1026,1/5/2025,Red,84,Mississippi,105,Orange,65,Tallahassee,69,36
1027,1/5/2025,Yellow,124,Missouri,41,Violet,95,Las Vegas,55,-14
1028,1/5/2025,Green,45,Boise City,119,Yellow,128,Tennessee,21,98
1029,1/5/2025,Violet,94,Kentucky,69,White,104,Connecticut,27,42
1030,1/5/2025,Gold,35,Madison,69,Purple,71,New Mexico,47,22
1031,1/5/2025,Violet,100,Vermont,77,Blue,9,NYC,63,14
1032,1/5/2025,Gold,27,Rhode Island,55,Orange,55,Carson City,49,6
1033,1/5/2025,Blue,2,Baton Rouge,119,Orange,60,Montgomery,13,106
1034,1/5/2025,Violet,92,Illinois,89,White,107,Kansas,21,68
1035,1/5/2025,Purple,67,Concord,55,White,113,South Dakota,33,22
1036,1/5/2025,Gold,38,North Carolina,63,Blue,6,Juneau,77,-14
1037,1/5/2025,Violet,90,Big Sur,55,Blue,4,Colorado,21,34
1038,1/5/2025,White,106,Indianapolis,83,Green,53,Wyoming,63,20
1039,1/5/2025,Green,54,Boise,105,Crimson,23,Nashville,39,66
1040,1/5/2025,Yellow,120,Iowa,19,Violet,103,Cheyenne,63,-44
1041,1/11/2025,Red,86,Olympia,97,Violet,102,Alaska,95,2
1042,1/11/2025,Blue,13,Texas,69,Green,50,Nebraska,55,14
1043,1/11/2025,Blue,5,Dover,89,Violet,101,Washington,91,-2
1044,1/11/2025,Gold,38,North Carolina,95,Orange,63,New Jersey,49,46
1045,1/11/2025,White,111,Salem,21,Green,46,Boston,95,-74
1046,1/12/2025,Gold,32,Columbus,63,Orange,65,Tallahassee,35,28
1047,1/12/2025,Green,54,Boise,45,Violet,94,Kentucky,47,-2
1048,1/12/2025,Violet,99,Topeka,33,Violet,100,Vermont,69,-36
1049,1/12/2025,Green,50,Nebraska,119,Crimson,17,Dallas,47,72
1050,1/12/2025,Green,41,Princeton,27,Yellow,125,Montana,41,-14
1051,1/12/2025,Gold,27,Rhode Island,47,Yellow,129,West Virginia,21,26
1052,1/12/2025,Green,53,Wyoming,21,Yellow,122,Little Rock,41,-20
1053,1/12/2025,Violet,90,Big Sur,89,Purple,69,Los Angeles,27,62
1054,1/12/2025,Violet,91,Hawaii,21,Green,47,Chicago,63,-42
1055,1/12/2025,Purple,72,North Dakota,63,White,110,Raleigh,67,-4
1056,1/12/2025,Purple,71,New Mexico,55,Orange,64,Seattle,81,-26
1057,1/12/2025,Red,84,Mississippi,91,Red,85,New Hope,55,36
1058,1/12/2025,Gold,31,Augusta,79,Crimson,15,Albany,35,44
1059,1/12/2025,Gold,36,Massachusetts,39,Green,45,Boise City,69,-30
1060,1/12/2025,Gold,40,Pennsylvania,69,Yellow,116,California,35,34
1061,1/12/2025,Red,79,Des Moines,47,Purple,73,Providence,67,-20
1062,1/12/2025,Crimson,25,Oregon,139,White,114,Springfield,91,48
1063,1/12/2025,White,109,Oklahoma City,39,Purple,75,San Jose,95,-56
1064,1/12/2025,Blue,3,Charlotte,89,Gold,35,Madison,41,48
1065,1/12/2025,Red,82,Jackson,91,Gold,34,Jacksonville,77,14
1066,1/12/2025,Red,83,Jefferson City,35,Gold,33,El Paso,103,-68
1067,1/12/2025,Green,51,San Diego,49,Orange,57,Denver,41,8
1068,1/12/2025,Green,44,Bismarck,117,Yellow,127,Sedona,21,96
1069,1/12/2025,Red,89,Sacramento,101,Purple,67,Concord,95,6
1070,1/12/2025,Blue,12,Tampa,41,Gold,28,San Antonio,75,-34
1071,1/12/2025,Green,43,Arkansas,61,Orange,58,Honolulu,97,-36
1072,1/12/2025,Yellow,118,Florida,49,Violet,98,San Francisco,121,-72
1073,1/12/2025,Gold,37,Minnesota,73,Blue,10,Ohio,35,38
1074,1/12/2025,Green,52,Utah,33,Red,87,Philadelphia,45,-12
1075,1/12/2025,Red,78,Annapolis,39,Crimson,18,Delaware,45,-6
1076,1/12/2025,Red,81,Harrisburg,81,White,112,South Carolina,13,68
1077,1/12/2025,Blue,11,Saint Paul,53,Yellow,120,Iowa,67,-14
1078,1/12/2025,Blue,2,Baton Rouge,35,Violet,92,Illinois,19,16
1079,1/12/2025,Blue,8,Lakeland,77,Blue,6,Juneau,101,-24
1080,1/12/2025,Red,86,Olympia,119,Purple,70,Maryland,53,66
1081,1/12/2025,Crimson,21,Lincoln,115,Yellow,121,Lansing,71,44
1082,1/12/2025,Gold,39,Oklahoma,33,Orange,59,Louisiana,39,-6
1083,1/12/2025,Green,42,Virginia,89,Gold,29,Arizona,95,-6
1084,1/12/2025,Green,48,Fort Worth,119,Purple,74,Salt Lake City,7,112
1085,1/12/2025,Yellow,128,Tennessee,35,Yellow,123,Maine,69,-34
1086,1/12/2025,Orange,55,Carson City,109,Yellow,126,Pierre,69,40
1087,1/12/2025,Blue,9,NYC,81,Yellow,119,Houston,47,34
1088,1/12/2025,Crimson,20,Hartford,53,Crimson,24,New York,49,4
1089,1/12/2025,Blue,1,Austin,27,Blue,14,Trenton,75,-48
1090,1/23/2025,Purple,67,Concord,63,Purple,72,North Dakota,35,28
1091,1/23/2025,Crimson,23,Nashville,65,Green,53,Wyoming,49,16
1092,1/23/2025,Crimson,22,Michigan,101,Gold,27,Rhode Island,53,48
1093,1/23/2025,Yellow,128,Tennessee,39,Red,78,Annapolis,133,-94
1094,1/24/2025,Green,49,Natchez,111,Red,79,Des Moines,97,14
1095,1/24/2025,Blue,3,Charlotte,75,Green,41,Princeton,47,28
1096,1/24/2025,Orange,65,Tallahassee,81,White,109,Oklahoma City,63,18
1097,1/24/2025,Purple,77,Wilmington,33,Red,82,Jackson,105,-72
1098,1/24/2025,Crimson,17,Dallas,41,Blue,13,Texas,135,-94
1099,1/24/2025,Blue,12,Tampa,83,Crimson,16,Cape Coral,43,40
1100,1/24/2025,Yellow,129,West Virginia,51,Yellow,118,Florida,53,-2
1101,1/24/2025,Green,47,Chicago,119,Crimson,21,Lincoln,79,40
1102,1/24/2025,Red,87,Philadelphia,115,Purple,74,Salt Lake City,39,76
1103,1/24/2025,Violet,93,Indiana,59,Violet,101,Washington,47,12
1104,1/24/2025,Red,80,Frankfort,61,Violet,97,Richmond,39,22
1105,1/24/2025,Gold,36,Massachusetts,83,Green,51,San Diego,21,62
1106,1/24/2025,White,115,Wisconsin,41,Yellow,124,Missouri,63,-22
1107,1/24/2025,Crimson,18,Delaware,83,Yellow,123,Maine,13,70
1108,1/24/2025,Crimson,19,Georgia,103,Red,86,Olympia,97,6
1109,1/24/2025,Blue,10,Ohio,49,Green,46,Boston,125,-76
1110,1/24/2025,Purple,73,Providence,47,Red,85,New Hope,41,6
1111,1/24/2025,Orange,63,New Jersey,91,Green,43,Arkansas,67,24
1112,1/24/2025,Orange,61,Nevada,41,Crimson,15,Albany,49,-8
1113,1/24/2025,Yellow,126,Pierre,67,White,106,Indianapolis,53,14
1114,1/24/2025,Red,84,Mississippi,61,Green,48,Fort Worth,55,6
1115,1/24/2025,Yellow,119,Houston,49,Orange,60,Montgomery,7,42
1116,1/24/2025,Blue,11,Saint Paul,89,Orange,58,Honolulu,41,48
1117,1/24/2025,Blue,1,Austin,47,Green,54,Boise,105,-58
1118,1/24/2025,Yellow,122,Little Rock,53,Blue,8,Lakeland,113,-60
1119,1/24/2025,Gold,31,Augusta,65,Purple,66,Alabama,33,32
1120,1/24/2025,Gold,33,El Paso,75,Yellow,120,Iowa,13,62
1121,1/24/2025,Violet,102,Alaska,97,White,114,Springfield,49,48
1122,1/24/2025,Blue,6,Juneau,49,Blue,2,Baton Rouge,101,-52
1123,1/24/2025,Gold,34,Jacksonville,41,Orange,62,New Hampshire,49,-8
1124,1/24/2025,Gold,35,Madison,105,Orange,56,Charleston,21,84
1125,1/24/2025,Violet,99,Topeka,13,Gold,38,North Carolina,77,-64
1126,1/24/2025,White,110,Raleigh,55,White,113,South Dakota,61,-6
1127,1/24/2025,Orange,64,Seattle,115,Crimson,25,Oregon,109,6
1128,1/24/2025,Green,45,Boise City,119,Crimson,24,New York,35,84
1129,1/24/2025,Gold,29,Arizona,69,Yellow,121,Lansing,35,34
1130,1/24/2025,White,112,South Carolina,33,White,104,Connecticut,47,-14
1131,1/24/2025,Blue,14,Trenton,99,Purple,76,Santa Fe,27,72
1132,1/24/2025,Violet,100,Vermont,33,Violet,95,Las Vegas,53,-20
1133,1/24/2025,Green,52,Utah,19,Gold,40,Pennsylvania,87,-68
1134,1/24/2025,Violet,98,San Francisco,81,Violet,96,Nantucket,21,60
1135,1/24/2025,Gold,37,Minnesota,119,White,108,Montpelier,7,112
1136,1/24/2025,Violet,90,Big Sur,89,Purple,68,Idaho,53,36
1137,1/24/2025,Red,89,Sacramento,111,Red,83,Jefferson City,53,58
1138,1/24/2025,Violet,103,Cheyenne,35,Green,44,Bismarck,21,14
1139,1/24/2025,Red,88,Port St. Lucie,103,Purple,69,Los Angeles,39,64
1140,2/4/2025,Crimson,22,Michigan,93,Crimson,23,Nashville,21,72
1141,2/5/2025,Red,78,Annapolis,55,Red,87,Philadelphia,67,-12
1142,2/5/2025,Purple,67,Concord,53,Blue,12,Tampa,91,-38
1143,2/5/2025,Purple,74,Salt Lake City,27,Purple,76,Santa Fe,129,-102
1144,2/5/2025,Blue,4,Colorado,49,Blue,9,NYC,61,-12
1145,2/5/2025,Blue,7,Key Largo,111,Orange,64,Seattle,67,44
1146,2/5/2025,Gold,36,Massachusetts,115,Purple,75,San Jose,49,66
1147,2/5/2025,Violet,100,Vermont,41,Yellow,118,Florida,39,2
1148,2/5/2025,Blue,8,Lakeland,41,Blue,3,Charlotte,61,-20
1149,2/5/2025,White,110,Raleigh,89,Yellow,128,Tennessee,35,54
1150,2/5/2025,Blue,6,Juneau,91,Orange,60,Montgomery,13,78
1151,2/5/2025,Gold,30,Atlanta,27,Crimson,26,Phoenix,83,-56
1152,2/5/2025,Violet,91,Hawaii,93,Violet,102,Alaska,107,-14
1153,2/5/2025,Green,43,Arkansas,75,Green,50,Nebraska,119,-44
1154,2/5/2025,Gold,38,North Carolina,27,Gold,31,Augusta,63,-36
1155,2/5/2025,Violet,95,Las Vegas,61,Violet,93,Indiana,63,-2
1156,2/5/2025,Blue,5,Dover,77,Blue,10,Ohio,41,36
1157,2/5/2025,Yellow,120,Iowa,55,Orange,56,Charleston,33,22
1158,2/5/2025,Blue,2,Baton Rouge,75,Blue,1,Austin,21,54
1159,2/5/2025,Orange,58,Honolulu,35,Orange,61,Nevada,69,-34
1160,2/5/2025,Violet,96,Nantucket,77,Blue,11,Saint Paul,59,18
1161,2/5/2025,Yellow,121,Lansing,99,Yellow,126,Pierre,93,6
1162,2/5/2025,Red,89,Sacramento,97,Purple,71,New Mexico,21,76
1163,2/5/2025,Crimson,25,Oregon,33,Purple,72,North Dakota,39,-6
1164,2/5/2025,Green,46,Boston,69,Green,47,Chicago,95,-26
1165,2/5/2025,Orange,59,Louisiana,47,Orange,63,New Jersey,61,-14
1166,2/5/2025,Crimson,18,Delaware,55,Green,49,Natchez,61,-6
1167,2/5/2025,Red,80,Frankfort,47,Red,84,Mississippi,67,-20
1168,2/5/2025,Blue,13,Texas,83,Yellow,122,Little Rock,7,76
1169,2/5/2025,White,114,Springfield,107,White,115,Wisconsin,119,-12
1170,2/5/2025,Green,41,Princeton,89,Green,45,Boise City,105,-16
1171,2/5/2025,Yellow,127,Sedona,7,White,108,Montpelier,63,-56
1172,2/5/2025,White,111,Salem,53,White,109,Oklahoma City,65,-12
1173,2/5/2025,Gold,32,Columbus,43,Green,54,Boise,83,-40
1174,2/5/2025,Gold,34,Jacksonville,61,Gold,39,Oklahoma,41,20
1175,2/5/2025,Yellow,129,West Virginia,73,Orange,55,Carson City,49,24
1176,2/5/2025,Purple,66,Alabama,55,Purple,73,Providence,63,-8
1177,2/5/2025,Orange,57,Denver,75,Yellow,116,California,69,6
1178,2/5/2025,Crimson,20,Hartford,91,Crimson,15,Albany,71,20
1179,2/5/2025,Purple,77,Wilmington,63,Purple,70,Maryland,49,14
1180,2/5/2025,Gold,28,San Antonio,111,White,107,Kansas,41,70
1181,2/5/2025,White,104,Connecticut,45,Blue,14,Trenton,47,-2
1182,2/5/2025,Crimson,21,Lincoln,95,White,105,Helena,49,46
1183,2/5/2025,Violet,103,Cheyenne,7,Violet,90,Big Sur,125,-118
1184,2/5/2025,Violet,99,Topeka,35,Violet,92,Illinois,109,-74
1185,2/5/2025,Crimson,24,New York,49,Green,51,San Diego,41,8
1186,2/5/2025,Red,85,New Hope,123,Red,86,Olympia,75,48
1187,2/5/2025,Violet,101,Washington,41,Green,53,Wyoming,33,8
1188,2/5/2025,White,112,South Carolina,35,Yellow,125,Montana,95,-60
1189,2/5/2025,Gold,29,Arizona,45,Gold,37,Minnesota,49,-4
1190,2/5/2025,Red,79,Des Moines,81,Red,82,Jackson,77,4
1191,2/5/2025,Violet,94,Kentucky,69,Violet,98,San Francisco,13,56
1192,2/5/2025,Red,81,Harrisburg,27,Red,88,Port St. Lucie,81,-54
1193,2/5/2025,Yellow,123,Maine,21,Yellow,117,Columbia,33,-12
1194,2/18/2025,Crimson,16,Cape Coral,83,Crimson,17,Dallas,89,-6
1195,2/18/2025,Green,42,Virginia,21,Green,48,Fort Worth,41,-20
1196,2/18/2025,Gold,27,Rhode Island,19,Gold,34,Jacksonville,63,-44
1197,2/18/2025,Red,89,Sacramento,67,Red,84,Mississippi,61,6
1198,2/18/2025,Blue,3,Charlotte,19,Blue,7,Key Largo,69,-50
1199,2/18/2025,Purple,76,Santa Fe,87,Green,52,Utah,55,32
1200,2/19/2025,Red,85,New Hope,75,Red,79,Des Moines,55,20
1201,2/19/2025,Blue,1,Austin,63,Orange,58,Honolulu,23,40
1202,2/19/2025,Gold,39,Oklahoma,7,Gold,36,Massachusetts,119,-112
1203,2/19/2025,Purple,73,Providence,75,Orange,62,New Hampshire,63,12
1204,2/19/2025,Violet,90,Big Sur,139,Violet,97,Richmond,13,126
1205,2/19/2025,Red,86,Olympia,61,Red,81,Harrisburg,53,8
1206,2/19/2025,Crimson,17,Dallas,69,Crimson,22,Michigan,129,-60
1207,2/19/2025,Purple,72,North Dakota,119,Purple,66,Alabama,83,36
1208,2/19/2025,Green,53,Wyoming,107,Orange,63,New Jersey,123,-16
1209,2/19/2025,Orange,60,Montgomery,33,Orange,57,Denver,61,-28
1210,2/19/2025,Violet,92,Illinois,105,Violet,98,San Francisco,27,78
1211,2/19/2025,Red,83,Jefferson City,21,Red,88,Port St. Lucie,91,-70
1212,2/19/2025,Crimson,21,Lincoln,105,Crimson,16,Cape Coral,63,42
1213,2/19/2025,Violet,93,Indiana,83,Violet,103,Cheyenne,55,28
1214,2/19/2025,Gold,37,Minnesota,97,Gold,28,San Antonio,35,62
1215,2/19/2025,Yellow,116,California,83,Yellow,120,Iowa,47,36
1216,2/19/2025,Purple,75,San Jose,89,Purple,74,Salt Lake City,33,56
1217,2/19/2025,Yellow,117,Columbia,67,Yellow,127,Sedona,65,2
1218,2/19/2025,Red,82,Jackson,97,Red,80,Frankfort,55,42
1219,2/19/2025,Green,49,Natchez,75,Green,46,Boston,89,-14
1220,2/19/2025,Crimson,15,Albany,49,Yellow,119,Houston,83,-34
1221,2/19/2025,Purple,77,Wilmington,97,White,112,South Carolina,27,70
1222,2/19/2025,Violet,95,Las Vegas,55,Orange,59,Louisiana,47,8
1223,2/19/2025,Purple,70,Maryland,49,Purple,68,Idaho,109,-60
1224,2/19/2025,Blue,10,Ohio,91,Yellow,123,Maine,27,64
1225,2/19/2025,Blue,9,NYC,73,Blue,11,Saint Paul,57,16
1226,2/19/2025,Blue,14,Trenton,45,Blue,4,Colorado,59,-14
1227,2/19/2025,Green,51,San Diego,77,Yellow,128,Tennessee,49,28
1228,2/19/2025,Violet,96,Nantucket,49,White,113,South Dakota,55,-6
1229,2/19/2025,Violet,101,Washington,7,Violet,94,Kentucky,89,-82
1230,2/19/2025,Violet,102,Alaska,55,Violet,100,Vermont,41,14
1231,2/19/2025,Green,54,Boise,111,Orange,61,Nevada,41,70
1232,2/19/2025,Yellow,118,Florida,75,White,111,Salem,39,36
1233,2/19/2025,Green,44,Bismarck,73,Green,41,Princeton,47,26
1234,2/19/2025,Crimson,23,Nashville,33,Crimson,18,Delaware,47,-14
1235,2/19/2025,Gold,32,Columbus,41,Gold,29,Arizona,27,14
1236,2/19/2025,Yellow,124,Missouri,63,Yellow,121,Lansing,93,-30
1237,2/19/2025,Purple,69,Los Angeles,89,Purple,71,New Mexico,49,40
1238,2/19/2025,Crimson,25,Oregon,49,Crimson,20,Hartford,69,-20
1239,2/19/2025,Orange,65,Tallahassee,117,Orange,55,Carson City,13,104
1240,2/19/2025,White,115,Wisconsin,109,White,106,Indianapolis,93,16
1241,2/19/2025,Violet,91,Hawaii,91,White,110,Raleigh,55,36
1242,2/19/2025,Gold,40,Pennsylvania,73,Gold,35,Madison,55,18
1243,2/19/2025,Blue,13,Texas,41,Blue,2,Baton Rouge,69,-28
1244,2/19/2025,Gold,33,El Paso,55,Gold,30,Atlanta,69,-14
1245,2/19/2025,Crimson,26,Phoenix,87,Crimson,19,Georgia,33,54
1246,2/19/2025,Blue,5,Dover,73,Blue,8,Lakeland,21,52
1247,3/3/2025,White,107,Kansas,57,White,105,Helena,93,-36
1248,3/3/2025,Blue,9,NYC,85,Blue,6,Juneau,57,28
1249,3/4/2025,Crimson,16,Cape Coral,69,Crimson,19,Georgia,147,-78
1250,3/4/2025,Green,52,Utah,21,Purple,67,Concord,55,-34
1251,3/4/2025,Crimson,24,New York,131,Crimson,25,Oregon,63,68
1252,3/4/2025,Gold,31,Augusta,27,Gold,32,Columbus,35,-8
1253,3/4/2025,Yellow,128,Tennessee,35,Yellow,129,West Virginia,37,-2
1254,3/4/2025,Yellow,125,Montana,65,Yellow,124,Missouri,69,-4
1255,3/4/2025,Purple,74,Salt Lake City,27,Purple,69,Los Angeles,61,-34
1256,3/4/2025,Crimson,17,Dallas,27,Crimson,23,Nashville,75,-48
1257,3/4/2025,Violet,92,Illinois,95,Violet,97,Richmond,53,42
1258,3/4/2025,Orange,64,Seattle,47,Orange,59,Louisiana,37,10
1259,3/4/2025,Violet,103,Cheyenne,35,Violet,94,Kentucky,97,-62
1260,3/4/2025,Blue,1,Austin,27,Blue,13,Texas,53,-26
1261,3/4/2025,Gold,38,North Carolina,69,Gold,33,El Paso,41,28
1262,3/4/2025,Blue,8,Lakeland,27,Green,54,Boise,73,-46
1263,3/4/2025,White,106,Indianapolis,49,White,108,Montpelier,61,-12
1264,3/4/2025,Yellow,123,Maine,31,Green,51,San Diego,105,-74
1265,3/4/2025,Green,43,Arkansas,45,Green,49,Natchez,137,-92
1266,3/4/2025,Orange,62,New Hampshire,55,Orange,60,Montgomery,13,42
1267,3/4/2025,Red,81,Harrisburg,91,Red,78,Annapolis,97,-6
1268,3/4/2025,Gold,34,Jacksonville,41,Gold,40,Pennsylvania,83,-42
1269,3/4/2025,Yellow,120,Iowa,81,Yellow,117,Columbia,41,40
1270,3/4/2025,Purple,76,Santa Fe,35,Purple,68,Idaho,61,-26
1271,3/4/2025,Gold,35,Madison,21,Gold,37,Minnesota,69,-48
1272,3/4/2025,Yellow,126,Pierre,53,Yellow,118,Florida,51,2
1273,3/4/2025,Violet,102,Alaska,45,Violet,90,Big Sur,61,-16
1274,3/4/2025,White,112,South Carolina,61,White,115,Wisconsin,97,-36
1275,3/4/2025,Violet,93,Indiana,39,Violet,96,Nantucket,41,-2
1276,3/4/2025,Blue,2,Baton Rouge,63,Blue,14,Trenton,35,28
1277,3/4/2025,Red,88,Port St. Lucie,83,Red,80,Frankfort,21,62
1278,3/4/2025,Crimson,15,Albany,53,Crimson,26,Phoenix,109,-56
1279,3/4/2025,Green,45,Boise City,69,Green,42,Virginia,83,-14
1280,3/4/2025,Red,82,Jackson,27,Red,89,Sacramento,73,-46
1281,3/4/2025,Green,48,Fort Worth,87,Green,44,Bismarck,75,12
1282,3/4/2025,Orange,57,Denver,143,Orange,65,Tallahassee,149,-6
1283,3/4/2025,Orange,61,Nevada,65,Orange,56,Charleston,81,-16
1284,3/4/2025,Crimson,18,Delaware,77,Crimson,21,Lincoln,51,26
1285,3/4/2025,Violet,100,Vermont,103,Violet,91,Hawaii,51,52
1286,3/4/2025,Crimson,20,Hartford,103,Purple,66,Alabama,97,6
1287,3/4/2025,White,104,Connecticut,97,White,110,Raleigh,69,28
1288,3/4/2025,Gold,36,Massachusetts,131,Gold,30,Atlanta,35,96
1289,3/4/2025,White,109,Oklahoma City,39,White,114,Springfield,49,-10
1290,3/4/2025,Blue,4,Colorado,47,Blue,7,Key Largo,55,-8
1291,3/4/2025,Orange,63,New Jersey,53,Orange,58,Honolulu,59,-6
1292,3/4/2025,Gold,29,Arizona,97,Gold,27,Rhode Island,39,58
1293,3/4/2025,Blue,12,Tampa,63,Blue,3,Charlotte,49,14
1294,3/4/2025,Yellow,127,Sedona,13,Yellow,119,Houston,35,-22
1295,3/4/2025,Green,47,Chicago,69,Green,50,Nebraska,55,14
1296,3/4/2025,Yellow,122,Little Rock,63,Yellow,116,California,123,-60
1297,3/4/2025,Red,87,Philadelphia,47,Red,85,New Hope,53,-6
1298,3/4/2025,Red,84,Mississippi,83,Red,83,Jefferson City,27,56
1299,3/4/2025,Purple,71,New Mexico,77,Purple,70,Maryland,49,28
1300,3/4/2025,Purple,75,San Jose,27,Purple,73,Providence,89,-62
1301,3/4/2025,Violet,95,Las Vegas,87,Violet,99,Topeka,75,12
1302,3/4/2025,Blue,11,Saint Paul,61,Blue,10,Ohio,55,6
1303,3/17/2025,White,113,South Dakota,23,White,111,Salem,45,-22
1304,3/17/2025,White,114,Springfield,55,White,112,South Carolina,21,34
1305,3/18/2025,Red,80,Frankfort,81,Red,89,Sacramento,13,68
1306,3/18/2025,Blue,11,Saint Paul,61,Blue,2,Baton Rouge,55,6
1307,3/18/2025,Orange,60,Montgomery,41,Orange,61,Nevada,35,6
1308,3/18/2025,Gold,27,Rhode Island,55,Gold,39,Oklahoma,77,-22
1309,3/18/2025,Violet,96,Nantucket,61,Violet,92,Illinois,53,8
1310,3/18/2025,Red,78,Annapolis,101,Red,86,Olympia,67,34
1311,3/18/2025,Violet,93,Indiana,41,Violet,102,Alaska,45,-4
1312,3/18/2025,Green,44,Bismarck,19,Green,47,Chicago,59,-40
1313,3/18/2025,Violet,97,Richmond,121,Violet,103,Cheyenne,77,44
1314,3/18/2025,Gold,30,Atlanta,49,Gold,35,Madison,81,-32
1315,3/18/2025,Red,79,Des Moines,33,Red,88,Port St. Lucie,21,12
1316,3/18/2025,Red,85,New Hope,105,Red,82,Jackson,21,84
1317,3/18/2025,Purple,73,Providence,35,Purple,67,Concord,69,-34
1318,3/18/2025,Purple,68,Idaho,95,Purple,71,New Mexico,91,4
1319,3/18/2025,Gold,33,El Paso,61,Gold,32,Columbus,67,-6
1320,3/18/2025,Yellow,121,Lansing,65,Yellow,125,Montana,59,6
1321,3/18/2025,White,115,Wisconsin,81,White,108,Montpelier,101,-20
1322,3/18/2025,Violet,98,San Francisco,77,Green,52,Utah,27,50
1323,3/18/2025,Purple,70,Maryland,81,Purple,74,Salt Lake City,59,22
1324,3/18/2025,Violet,90,Big Sur,89,Violet,91,Hawaii,25,64
1325,3/18/2025,Blue,8,Lakeland,35,Blue,12,Tampa,47,-12
1326,3/18/2025,Yellow,124,Missouri,55,Yellow,128,Tennessee,7,48
1327,3/18/2025,Gold,28,San Antonio,47,Gold,31,Augusta,61,-14
1328,3/18/2025,Green,50,Nebraska,99,Green,49,Natchez,77,22
1329,3/18/2025,Crimson,19,Georgia,67,Crimson,20,Hartford,61,6
1330,3/18/2025,Orange,58,Honolulu,27,Orange,64,Seattle,67,-40
1331,3/18/2025,White,109,Oklahoma City,47,White,104,Connecticut,53,-6
1332,3/18/2025,Green,51,San Diego,63,Orange,59,Louisiana,61,2
1333,3/18/2025,Blue,6,Juneau,91,Blue,1,Austin,97,-6
1334,3/18/2025,Blue,7,Key Largo,57,Blue,5,Dover,55,2
1335,3/18/2025,Purple,69,Los Angeles,83,Purple,72,North Dakota,7,76
1336,3/18/2025,Red,84,Mississippi,63,Red,87,Philadelphia,61,2
1337,3/18/2025,Violet,101,Washington,25,Violet,100,Vermont,37,-12
1338,3/18/2025,Blue,10,Ohio,41,Blue,9,NYC,77,-36
1339,3/18/2025,Green,42,Virginia,97,Green,43,Arkansas,7,90
1340,3/18/2025,Green,46,Boston,125,Green,41,Princeton,39,86
1341,3/18/2025,Purple,66,Alabama,75,Purple,75,San Jose,67,8
1342,3/18/2025,Blue,3,Charlotte,27,Blue,4,Colorado,41,-14
1343,3/18/2025,Gold,34,Jacksonville,35,Gold,36,Massachusetts,119,-84
1344,3/18/2025,Yellow,126,Pierre,57,Yellow,120,Iowa,53,4
1345,3/18/2025,Yellow,117,Columbia,53,Crimson,24,New York,27,26
1346,3/18/2025,Crimson,23,Nashville,55,Crimson,16,Cape Coral,63,-8
1347,3/18/2025,Gold,40,Pennsylvania,41,Gold,38,North Carolina,25,16
1348,3/18/2025,White,105,Helena,109,White,106,Indianapolis,41,68
1349,3/18/2025,White,107,Kansas,61,White,110,Raleigh,77,-16
1350,3/18/2025,Yellow,129,West Virginia,97,Yellow,127,Sedona,35,62
1351,3/18/2025,Crimson,26,Phoenix,133,Crimson,17,Dallas,49,84
1352,3/18/2025,Yellow,119,Houston,77,Yellow,122,Little Rock,13,64
1353,3/18/2025,Crimson,25,Oregon,97,Crimson,18,Delaware,41,56
1354,3/18/2025,Purple,76,Santa Fe,53,Purple,77,Wilmington,63,-10
1355,3/18/2025,Green,48,Fort Worth,55,Green,45,Boise City,65,-10
1356,3/18/2025,Crimson,22,Michigan,73,Crimson,15,Albany,13,60
1357,3/18/2025,Orange,56,Charleston,67,Orange,63,New Jersey,103,-36
1358,3/18/2025,Red,83,Jefferson City,73,Red,81,Harrisburg,79,-6
1359,3/18/2025,Orange,57,Denver,33,Orange,62,New Hampshire,35,-2
1360,3/18/2025,Violet,94,Kentucky,113,Violet,99,Topeka,63,50
1361,4/1/2025,Crimson,18,Delaware,83,Crimson,19,Georgia,91,-8
1362,4/1/2025,White,105,Helena,101,White,114,Springfield,13,88
1363,4/1/2025,Purple,72,North Dakota,55,Purple,68,Idaho,61,-6
1364,4/1/2025,Purple,71,New Mexico,91,Purple,66,Alabama,97,-6
1365,4/1/2025,Yellow,120,Iowa,27,Yellow,119,Houston,83,-56
1366,4/1/2025,Yellow,122,Little Rock,69,Yellow,129,West Virginia,77,-8
1367,4/2/2025,Crimson,15,Albany,63,Crimson,21,Lincoln,69,-6
1368,4/2/2025,Green,54,Boise,105,Red,84,Mississippi,35,70
1369,4/2/2025,Purple,75,San Jose,63,Purple,76,Santa Fe,111,-48
1370,4/2/2025,Yellow,127,Sedona,57,Yellow,126,Pierre,55,2
1371,4/2/2025,Gold,37,Minnesota,91,Gold,31,Augusta,33,58
1372,4/2/2025,Green,44,Bismarck,77,Green,45,Boise City,91,-14
1373,4/2/2025,Red,89,Sacramento,63,Red,81,Harrisburg,7,56
1374,4/2/2025,Green,41,Princeton,79,Green,50,Nebraska,83,-4
1375,4/2/2025,Purple,67,Concord,55,Purple,77,Wilmington,35,20
1376,4/2/2025,Blue,4,Colorado,63,Blue,6,Juneau,69,-6
1377,4/2/2025,Gold,39,Oklahoma,35,Gold,38,North Carolina,31,4
1378,4/2/2025,Purple,73,Providence,13,Purple,69,Los Angeles,61,-48
1379,4/2/2025,White,111,Salem,73,White,115,Wisconsin,53,20
1380,4/2/2025,Violet,98,San Francisco,97,Violet,95,Las Vegas,21,76
1381,4/2/2025,Violet,97,Richmond,55,Violet,96,Nantucket,87,-32
1382,4/2/2025,Orange,59,Louisiana,41,Orange,65,Tallahassee,47,-6
1383,4/2/2025,White,108,Montpelier,27,White,113,South Dakota,75,-48
1384,4/2/2025,Green,49,Natchez,33,Green,42,Virginia,69,-36
1385,4/2/2025,Violet,90,Big Sur,97,Violet,101,Washington,21,76
1386,4/2/2025,Gold,32,Columbus,41,Gold,28,San Antonio,25,16
1387,4/2/2025,Blue,13,Texas,125,Blue,8,Lakeland,21,104
1388,4/2/2025,Red,86,Olympia,69,Red,82,Jackson,35,34
1389,4/2/2025,Crimson,24,New York,63,Crimson,22,Michigan,75,-12
1390,4/2/2025,Orange,55,Carson City,25,Orange,58,Honolulu,119,-94
1391,4/2/2025,Blue,7,Key Largo,61,Blue,11,Saint Paul,45,16
1392,4/2/2025,Red,80,Frankfort,95,Red,78,Annapolis,97,-2
1393,4/2/2025,Orange,63,New Jersey,103,Orange,60,Montgomery,13,90
1394,4/2/2025,Violet,99,Topeka,143,White,109,Oklahoma City,49,94
1395,4/2/2025,Violet,91,Hawaii,47,Violet,92,Illinois,111,-64
1396,4/2/2025,Orange,56,Charleston,41,Orange,62,New Hampshire,103,-62
1397,4/2/2025,Green,48,Fort Worth,27,Green,46,Boston,33,-6
1398,4/2/2025,Yellow,125,Montana,47,Yellow,123,Maine,21,26
1399,4/2/2025,Red,87,Philadelphia,27,Red,79,Des Moines,67,-40
1400,4/2/2025,Crimson,17,Dallas,73,Green,52,Utah,41,32
1401,4/2/2025,White,104,Connecticut,81,White,106,Indianapolis,65,16
1402,4/2/2025,Green,47,Chicago,93,Green,43,Arkansas,7,86
1403,4/2/2025,Yellow,118,Florida,61,Yellow,124,Missouri,75,-14
1404,4/2/2025,Crimson,20,Hartford,49,Crimson,26,Phoenix,69,-20
1405,4/2/2025,Gold,35,Madison,41,Gold,29,Arizona,27,14
1406,4/2/2025,Blue,3,Charlotte,41,Blue,10,Ohio,55,-14
1407,4/2/2025,Crimson,16,Cape Coral,47,Crimson,25,Oregon,35,12
1408,4/2/2025,Gold,33,El Paso,55,Gold,27,Rhode Island,41,14
1409,4/2/2025,Blue,5,Dover,83,Blue,14,Trenton,55,28
1410,4/2/2025,Yellow,116,California,145,Yellow,121,Lansing,69,76
1411,4/2/2025,Orange,61,Nevada,55,Orange,57,Denver,35,20
1412,4/2/2025,Blue,12,Tampa,27,Blue,1,Austin,89,-62
1413,4/2/2025,Gold,40,Pennsylvania,83,Gold,30,Atlanta,33,50
1414,4/2/2025,Green,53,Wyoming,117,White,107,Kansas,47,70
1415,4/2/2025,Green,51,San Diego,69,Crimson,23,Nashville,63,6
1416,4/14/2025,Red,83,Jefferson City,35,Red,85,New Hope,37,-2
1417,4/14/2025,Orange,62,New Hampshire,67,Orange,59,Louisiana,61,6
1418,4/14/2025,Orange,55,Carson City,41,Orange,64,Seattle,123,-82
1419,4/14/2025,White,108,Montpelier,49,White,111,Salem,33,16
1420,4/15/2025,Crimson,21,Lincoln,83,Crimson,25,Oregon,75,8
1421,4/15/2025,Blue,1,Austin,77,Blue,4,Colorado,13,64
1422,4/15/2025,Crimson,19,Georgia,119,Crimson,24,New York,59,60
1423,4/16/2025,Crimson,16,Cape Coral,31,Violet,99,Topeka,111,-80
1424,4/16/2025,Red,82,Jackson,89,Red,87,Philadelphia,47,42
1425,4/16/2025,Blue,8,Lakeland,45,Blue,7,Key Largo,55,-10
1426,4/16/2025,Green,45,Boise City,105,Green,49,Natchez,61,44
1427,4/16/2025,Gold,31,Augusta,77,Gold,39,Oklahoma,35,42
1428,4/16/2025,Purple,68,Idaho,63,Purple,66,Alabama,97,-34
1429,4/16/2025,Violet,100,Vermont,75,Violet,103,Cheyenne,61,14
1430,4/16/2025,White,106,Indianapolis,21,White,112,South Carolina,61,-40
1431,4/16/2025,Violet,93,Indiana,21,Violet,94,Kentucky,91,-70
1432,4/16/2025,Red,78,Annapolis,123,Red,89,Sacramento,81,42
1433,4/16/2025,Yellow,124,Missouri,31,Yellow,126,Pierre,67,-36
1434,4/16/2025,Crimson,22,Michigan,55,Crimson,18,Delaware,63,-8
1435,4/16/2025,White,109,Oklahoma City,69,White,115,Wisconsin,53,16
1436,4/16/2025,Green,53,Wyoming,67,White,104,Connecticut,61,6
1437,4/16/2025,Gold,35,Madison,85,Gold,32,Columbus,69,16
1438,4/16/2025,Red,79,Des Moines,41,Red,84,Mississippi,103,-62
1439,4/16/2025,Gold,38,North Carolina,55,Gold,34,Jacksonville,57,-2
1440,4/16/2025,Green,52,Utah,89,Purple,74,Salt Lake City,47,42
1441,4/16/2025,Gold,30,Atlanta,91,Gold,28,San Antonio,85,6
1442,4/16/2025,Yellow,128,Tennessee,35,Yellow,125,Montana,69,-34
1443,4/16/2025,Blue,13,Texas,55,Blue,3,Charlotte,13,42
1444,4/16/2025,Green,50,Nebraska,85,Green,46,Boston,107,-22
1445,4/16/2025,Yellow,123,Maine,63,Yellow,118,Florida,91,-28
1446,4/16/2025,Purple,70,Maryland,21,Purple,73,Providence,63,-42
1447,4/16/2025,Violet,95,Las Vegas,65,Violet,101,Washington,59,6
1448,4/16/2025,Gold,27,Rhode Island,27,Gold,40,Pennsylvania,55,-28
1449,4/16/2025,Green,54,Boise,77,Blue,9,NYC,35,42
1450,4/16/2025,Purple,76,Santa Fe,35,Purple,67,Concord,89,-54
1451,4/16/2025,Purple,77,Wilmington,91,Purple,72,North Dakota,13,78
1452,4/16/2025,Blue,2,Baton Rouge,55,Blue,5,Dover,27,28
1453,4/16/2025,Green,41,Princeton,21,Green,48,Fort Worth,83,-62
1454,4/16/2025,Gold,29,Arizona,41,Gold,33,El Paso,27,14
1455,4/16/2025,Yellow,119,Houston,67,Yellow,117,Columbia,89,-22
1456,4/16/2025,Violet,97,Richmond,81,Violet,91,Hawaii,83,-2
1457,4/16/2025,Green,43,Arkansas,47,Green,44,Bismarck,67,-20
1458,4/16/2025,Gold,36,Massachusetts,85,Gold,37,Minnesota,83,2
1459,4/16/2025,Yellow,121,Lansing,97,Yellow,122,Little Rock,83,14
1460,4/16/2025,White,113,South Dakota,83,White,107,Kansas,39,44
1461,4/16/2025,Red,81,Harrisburg,95,Red,80,Frankfort,63,32
1462,4/16/2025,Blue,14,Trenton,91,Blue,6,Juneau,71,20
1463,4/16/2025,Yellow,129,West Virginia,63,Yellow,116,California,91,-28
1464,4/16/2025,Blue,10,Ohio,69,Blue,12,Tampa,35,34
1465,4/16/2025,Purple,69,Los Angeles,39,Purple,75,San Jose,59,-20
1466,4/16/2025,Violet,102,Alaska,35,Violet,98,San Francisco,77,-42
1467,4/16/2025,White,110,Raleigh,49,White,105,Helena,81,-32
1468,4/16/2025,Green,42,Virginia,35,Green,47,Chicago,21,14
1469,4/16/2025,Red,88,Port St. Lucie,95,Red,86,Olympia,53,42
1470,4/28/2025,Orange,63,New Jersey,97,Orange,61,Nevada,63,34
1471,4/28/2025,Orange,60,Montgomery,39,Orange,56,Charleston,95,-56
1472,4/28/2025,Orange,65,Tallahassee,63,Orange,58,Honolulu,77,-14
1473,4/29/2025,Orange,64,Seattle,61,Orange,62,New Hampshire,41,20
1474,4/29/2025,Crimson,23,Nashville,75,Crimson,20,Hartford,59,16
1475,4/29/2025,Orange,59,Louisiana,119,Orange,55,Carson City,35,84
1476,4/29/2025,White,113,South Dakota,55,White,109,Oklahoma City,49,6
1477,4/30/2025,Yellow,116,California,67,Yellow,119,Houston,57,10
1478,4/30/2025,Crimson,25,Oregon,35,Crimson,19,Georgia,89,-54
1479,4/30/2025,Red,87,Philadelphia,103,Red,86,Olympia,41,62
1480,4/30/2025,Green,47,Chicago,55,Green,48,Fort Worth,21,34
1481,4/30/2025,Green,50,Nebraska,47,Green,42,Virginia,39,8
1482,4/30/2025,Violet,102,Alaska,61,Violet,92,Illinois,91,-30
1483,4/30/2025,Blue,12,Tampa,87,Blue,5,Dover,79,8
1484,4/30/2025,Purple,74,Salt Lake City,21,Purple,73,Providence,111,-90
1485,4/30/2025,Yellow,122,Little Rock,19,Yellow,127,Sedona,7,12
1486,4/30/2025,Red,80,Frankfort,81,Red,83,Jefferson City,53,28
1487,4/30/2025,Gold,38,North Carolina,65,Gold,27,Rhode Island,27,38
1488,4/30/2025,White,107,Kansas,41,White,108,Montpelier,49,-8
1489,4/30/2025,Violet,98,San Francisco,75,Green,53,Wyoming,53,22
1490,4/30/2025,Gold,31,Augusta,73,Gold,33,El Paso,27,46
1491,4/30/2025,Crimson,16,Cape Coral,47,Crimson,22,Michigan,81,-34
1492,4/30/2025,Gold,29,Arizona,117,Gold,36,Massachusetts,55,62
1493,4/30/2025,White,115,Wisconsin,111,White,104,Connecticut,97,14
1494,4/30/2025,Blue,9,NYC,69,Blue,2,Baton Rouge,83,-14
1495,4/30/2025,Crimson,21,Lincoln,55,Crimson,26,Phoenix,69,-14
1496,4/30/2025,Violet,90,Big Sur,55,Violet,96,Nantucket,27,28
1497,4/30/2025,Violet,91,Hawaii,85,White,106,Indianapolis,83,2
1498,4/30/2025,Green,46,Boston,111,Green,45,Boise City,131,-20
1499,4/30/2025,Red,88,Port St. Lucie,83,Red,82,Jackson,13,70
1500,4/30/2025,Violet,101,Washington,55,Yellow,124,Missouri,27,28
1501,4/30/2025,Blue,7,Key Largo,63,Blue,13,Texas,27,36
1502,4/30/2025,Green,54,Boise,103,Blue,14,Trenton,81,22
1503,4/30/2025,Purple,75,San Jose,69,Purple,70,Maryland,53,16
1504,4/30/2025,Purple,69,Los Angeles,47,Green,52,Utah,33,14
1505,4/30/2025,Gold,32,Columbus,61,Gold,37,Minnesota,55,6
1506,4/30/2025,Yellow,118,Florida,53,Yellow,121,Lansing,55,-2
1507,4/30/2025,Crimson,18,Delaware,111,Crimson,17,Dallas,61,50
1508,4/30/2025,Purple,72,North Dakota,27,Purple,76,Santa Fe,55,-28
1509,4/30/2025,Gold,34,Jacksonville,55,Gold,35,Madison,69,-14
1510,4/30/2025,Violet,94,Kentucky,55,Violet,100,Vermont,27,28
1511,4/30/2025,Violet,95,Las Vegas,75,Violet,97,Richmond,81,-6
1512,4/30/2025,White,112,South Carolina,77,White,110,Raleigh,97,-20
1513,4/30/2025,White,111,Salem,35,White,114,Springfield,45,-10
1514,4/30/2025,Violet,103,Cheyenne,69,Yellow,129,West Virginia,41,28
1515,4/30/2025,Gold,39,Oklahoma,69,Gold,30,Atlanta,55,14
1516,4/30/2025,Yellow,126,Pierre,111,Yellow,123,Maine,49,62
1517,4/30/2025,Red,84,Mississippi,105,Red,78,Annapolis,77,28
1518,4/30/2025,Yellow,117,Columbia,35,Yellow,125,Montana,21,14
1519,4/30/2025,Purple,66,Alabama,7,Green,51,San Diego,49,-42
1520,4/30/2025,Yellow,120,Iowa,67,Yellow,128,Tennessee,13,54
1521,4/30/2025,Violet,99,Topeka,97,Violet,93,Indiana,39,58
1522,4/30/2025,Green,49,Natchez,77,Green,44,Bismarck,91,-14
1523,4/30/2025,Red,79,Des Moines,89,Red,81,Harrisburg,67,22
1524,4/30/2025,Purple,67,Concord,89,Purple,71,New Mexico,35,54
1525,4/30/2025,Red,89,Sacramento,55,Red,85,New Hope,49,6
1526,4/30/2025,Crimson,24,New York,39,Crimson,15,Albany,41,-2
1527,4/30/2025,Blue,4,Colorado,61,Blue,11,Saint Paul,55,6
1528,4/30/2025,Purple,77,Wilmington,39,Purple,68,Idaho,33,6
1529,4/30/2025,Green,43,Arkansas,25,Green,41,Princeton,83,-58
1530,4/30/2025,Gold,28,San Antonio,41,Gold,40,Pennsylvania,97,-56
1531,5/13/2025,Orange,57,Denver,83,Orange,56,Charleston,63,20
1532,5/13/2025,Orange,63,New Jersey,83,Orange,64,Seattle,27,56
1533,5/13/2025,Orange,65,Tallahassee,103,Orange,60,Montgomery,47,56
1534,5/13/2025,Orange,58,Honolulu,91,Orange,59,Louisiana,67,24
1535,5/14/2025,Orange,62,New Hampshire,133,Orange,55,Carson City,41,92
1536,5/14/2025,Blue,10,Ohio,69,Blue,8,Lakeland,75,-6
1537,5/14/2025,White,104,Connecticut,61,White,107,Kansas,19,42
1538,5/15/2025,Purple,75,San Jose,49,Green,52,Utah,69,-20
1539,5/15/2025,Crimson,15,Albany,55,Crimson,23,Nashville,77,-22
1540,5/15/2025,Red,85,New Hope,67,Red,88,Port St. Lucie,51,16
1541,5/16/2025,Red,78,Annapolis,105,Red,83,Jefferson City,63,42
1542,5/16/2025,Gold,30,Atlanta,27,Gold,31,Augusta,77,-50
1543,5/16/2025,Blue,1,Austin,35,Blue,9,NYC,41,-6
1544,5/16/2025,Blue,6,Juneau,83,Blue,12,Tampa,49,34
1545,5/16/2025,Blue,7,Key Largo,89,Green,54,Boise,23,66
1546,5/16/2025,Blue,2,Baton Rouge,69,Blue,4,Colorado,35,34
1547,5/16/2025,Yellow,117,Columbia,67,Yellow,122,Little Rock,81,-14
1548,5/16/2025,Violet,99,Topeka,107,Violet,101,Washington,41,66
1549,5/16/2025,Violet,97,Richmond,107,White,114,Springfield,51,56
1550,5/16/2025,Green,45,Boise City,83,Green,47,Chicago,47,36
1551,5/16/2025,Gold,35,Madison,53,Gold,38,North Carolina,33,20
1552,5/16/2025,Green,51,San Diego,49,Blue,3,Charlotte,39,10
1553,5/16/2025,Yellow,121,Lansing,97,Yellow,128,Tennessee,27,70
1554,5/16/2025,Yellow,119,Houston,67,Yellow,129,West Virginia,53,14
1555,5/16/2025,Blue,5,Dover,63,Blue,13,Texas,51,12
1556,5/16/2025,Violet,103,Cheyenne,49,Violet,95,Las Vegas,95,-46
1557,5/16/2025,Gold,36,Massachusetts,103,Gold,32,Columbus,13,90
1558,5/16/2025,Green,41,Princeton,55,Green,49,Natchez,83,-28
1559,5/16/2025,Violet,102,Alaska,117,Purple,72,North Dakota,35,82
1560,5/16/2025,Yellow,123,Maine,75,Yellow,124,Missouri,93,-18
1561,5/16/2025,Purple,71,New Mexico,125,Purple,74,Salt Lake City,35,90
1562,5/16/2025,Yellow,118,Florida,53,Yellow,116,California,103,-50
1563,5/16/2025,Violet,96,Nantucket,73,Violet,91,Hawaii,27,46
1564,5/16/2025,Gold,40,Pennsylvania,83,Gold,29,Arizona,35,48
1565,5/16/2025,Blue,11,Saint Paul,93,Blue,14,Trenton,135,-42
1566,5/16/2025,Purple,66,Alabama,35,Purple,77,Wilmington,63,-28
1567,5/16/2025,White,111,Salem,55,White,105,Helena,45,10
1568,5/16/2025,Gold,27,Rhode Island,35,Gold,28,San Antonio,55,-20
1569,5/16/2025,Crimson,17,Dallas,55,Crimson,24,New York,69,-14
1570,5/16/2025,Yellow,125,Montana,45,Yellow,126,Pierre,55,-10
1571,5/16/2025,Yellow,127,Sedona,49,Yellow,120,Iowa,77,-28
1572,5/16/2025,Crimson,26,Phoenix,105,Crimson,16,Cape Coral,55,50
1573,5/16/2025,Purple,70,Maryland,49,Purple,69,Los Angeles,69,-20
1574,5/16/2025,White,106,Indianapolis,41,White,113,South Dakota,91,-50
1575,5/16/2025,Red,86,Olympia,95,Red,79,Des Moines,81,14
1576,5/16/2025,Purple,68,Idaho,111,Purple,67,Concord,125,-14
1577,5/16/2025,Red,81,Harrisburg,55,Red,84,Mississippi,83,-28
1578,5/16/2025,Green,48,Fort Worth,91,Green,43,Arkansas,61,30
1579,5/16/2025,Gold,37,Minnesota,77,Gold,39,Oklahoma,19,58
1580,5/16/2025,Green,42,Virginia,91,Green,46,Boston,105,-14
1581,5/16/2025,Red,87,Philadelphia,57,Red,89,Sacramento,73,-16
1582,5/16/2025,Green,44,Bismarck,53,Green,50,Nebraska,63,-10
1583,5/16/2025,Violet,98,San Francisco,55,Violet,90,Big Sur,69,-14
1584,5/16/2025,Gold,33,El Paso,115,Gold,34,Jacksonville,49,66
1585,5/16/2025,Violet,100,Vermont,63,Violet,93,Indiana,47,16
1586,5/16/2025,Crimson,20,Hartford,93,Crimson,21,Lincoln,87,6
1587,5/16/2025,White,112,South Carolina,67,White,108,Montpelier,73,-6
1588,5/16/2025,Violet,92,Illinois,87,Violet,94,Kentucky,41,46
1589,5/28/2025,Orange,60,Montgomery,53,Orange,58,Honolulu,91,-38
1590,5/28/2025,Orange,56,Charleston,81,Orange,64,Seattle,139,-58
1591,5/28/2025,Orange,61,Nevada,55,Orange,59,Louisiana,61,-6
1592,5/28/2025,Orange,62,New Hampshire,77,Orange,65,Tallahassee,69,8
1593,5/29/2025,Crimson,22,Michigan,61,Crimson,25,Oregon,47,14
1594,5/29/2025,Orange,55,Carson City,55,Orange,57,Denver,87,-32
1595,5/29/2025,Purple,72,North Dakota,77,Purple,75,San Jose,83,-6
1596,5/29/2025,Yellow,129,West Virginia,89,Yellow,120,Iowa,83,6
1597,5/30/2025,Gold,40,Pennsylvania,55,Gold,31,Augusta,27,28
1598,5/30/2025,Green,41,Princeton,33,Green,42,Virginia,53,-20
1599,5/30/2025,Green,52,Utah,27,Green,53,Wyoming,39,-12
1600,5/30/2025,Yellow,116,California,111,Yellow,117,Columbia,55,56
1601,5/30/2025,Gold,28,San Antonio,89,Gold,39,Oklahoma,7,82
1602,5/30/2025,White,114,Springfield,101,White,110,Raleigh,75,26
1603,5/30/2025,Yellow,128,Tennessee,49,Yellow,118,Florida,91,-42
1604,5/30/2025,Violet,103,Cheyenne,41,Violet,99,Topeka,97,-56
1605,5/30/2025,Purple,73,Providence,91,Purple,71,New Mexico,53,38
1606,5/30/2025,Violet,94,Kentucky,91,Violet,95,Las Vegas,33,58
1607,5/30/2025,Violet,101,Washington,27,Violet,96,Nantucket,67,-40
1608,5/30/2025,Yellow,124,Missouri,139,Yellow,127,Sedona,49,90
1609,5/30/2025,Yellow,121,Lansing,111,Green,51,San Diego,105,6
1610,5/30/2025,Red,84,Mississippi,63,Red,86,Olympia,53,10
1611,5/30/2025,Crimson,23,Nashville,45,Crimson,26,Phoenix,97,-52
1612,5/30/2025,Purple,67,Concord,95,Purple,66,Alabama,45,50
1613,5/30/2025,Purple,77,Wilmington,21,Purple,69,Los Angeles,33,-12
1614,5/30/2025,Green,54,Boise,55,Crimson,20,Hartford,41,14
1615,5/30/2025,Crimson,16,Cape Coral,39,Blue,1,Austin,85,-46
1616,5/30/2025,Red,83,Jefferson City,55,Red,79,Des Moines,87,-32
1617,5/30/2025,Purple,76,Santa Fe,83,Purple,70,Maryland,7,76
1618,5/30/2025,Gold,36,Massachusetts,111,Gold,27,Rhode Island,35,76
1619,5/30/2025,Gold,35,Madison,85,Gold,33,El Paso,7,78
1620,5/30/2025,Green,43,Arkansas,13,Green,45,Boise City,89,-76
1621,5/30/2025,Blue,3,Charlotte,93,Blue,5,Dover,47,46
1622,5/30/2025,Violet,92,Illinois,91,White,115,Wisconsin,35,56
1623,5/30/2025,Gold,32,Columbus,41,Gold,30,Atlanta,21,20
1624,5/30/2025,Red,82,Jackson,103,Red,78,Annapolis,63,40
1625,5/30/2025,White,107,Kansas,111,White,111,Salem,7,104
1626,5/30/2025,Blue,13,Texas,47,Blue,10,Ohio,35,12
1627,5/30/2025,Red,88,Port St. Lucie,73,Red,87,Philadelphia,67,6
1628,5/30/2025,Green,50,Nebraska,35,Green,48,Fort Worth,63,-28
1629,5/30/2025,Yellow,125,Montana,25,Yellow,119,Houston,21,4
1630,5/30/2025,Blue,7,Key Largo,95,Blue,12,Tampa,63,32
1631,5/30/2025,White,109,Oklahoma City,21,White,106,Indianapolis,33,-12
1632,5/30/2025,Gold,29,Arizona,37,Gold,38,North Carolina,55,-18
1633,5/30/2025,White,105,Helena,67,White,112,South Carolina,31,36
1634,5/30/2025,Crimson,19,Georgia,139,Crimson,21,Lincoln,97,42
1635,5/30/2025,Violet,91,Hawaii,49,Violet,98,San Francisco,63,-14
1636,5/30/2025,Green,49,Natchez,13,Green,47,Chicago,61,-48
1637,5/30/2025,Violet,97,Richmond,55,Violet,102,Alaska,69,-14
1638,5/30/2025,Blue,6,Juneau,119,Blue,11,Saint Paul,27,92
1639,5/30/2025,Yellow,122,Little Rock,55,Yellow,123,Maine,49,6
1640,5/30/2025,Violet,93,Indiana,79,Yellow,126,Pierre,21,58
1641,5/30/2025,Red,85,New Hope,41,Red,80,Frankfort,35,6
1642,5/30/2025,Blue,14,Trenton,67,Blue,9,NYC,55,12
1643,5/30/2025,Purple,68,Idaho,91,Purple,74,Salt Lake City,35,56
1644,5/30/2025,Crimson,24,New York,47,Crimson,18,Delaware,41,6
1645,5/30/2025,Gold,37,Minnesota,119,Gold,34,Jacksonville,95,24
1646,5/30/2025,Crimson,17,Dallas,103,Crimson,15,Albany,47,56
1647,5/30/2025,Green,46,Boston,87,Green,44,Bismarck,97,-10
1648,6/11/2025,Orange,59,Louisiana,75,Orange,56,Charleston,69,6
1649,6/11/2025,Orange,55,Carson City,21,Orange,61,Nevada,63,-42
1650,6/12/2025,Violet,98,San Francisco,63,Violet,97,Richmond,69,-6
1651,6/12/2025,Green,47,Chicago,97,Green,41,Princeton,51,46
1652,6/12/2025,Yellow,117,Columbia,89,Yellow,129,West Virginia,41,48
1653,6/12/2025,Green,48,Fort Worth,53,Green,49,Natchez,61,-8
1654,6/12/2025,Orange,64,Seattle,81,Orange,65,Tallahassee,27,54
1655,6/12/2025,Orange,58,Honolulu,69,Orange,62,New Hampshire,55,14
1656,6/12/2025,Gold,34,Jacksonville,35,Gold,29,Arizona,119,-84
1657,6/12/2025,Blue,10,Ohio,55,Blue,7,Key Largo,35,20
1658,6/12/2025,Violet,91,Hawaii,97,Violet,99,Topeka,103,-6
1659,6/12/2025,Crimson,26,Phoenix,105,Crimson,22,Michigan,91,14
1660,6/12/2025,White,113,South Dakota,131,White,112,South Carolina,25,106
1661,6/12/2025,Red,86,Olympia,67,Red,80,Frankfort,61,6
1662,6/12/2025,Purple,73,Providence,77,Purple,72,North Dakota,27,50
1663,6/12/2025,Orange,57,Denver,69,Orange,63,New Jersey,55,14
1664,6/12/2025,Blue,12,Tampa,7,Blue,13,Texas,27,-20
1665,6/12/2025,Crimson,18,Delaware,55,Crimson,20,Hartford,35,20
1666,6/16/2025,Yellow,126,Pierre,63,Yellow,128,Tennessee,21,42
1667,6/16/2025,Purple,74,Salt Lake City,47,Purple,77,Wilmington,41,6
1668,6/16/2025,Purple,71,New Mexico,53,Purple,75,San Jose,39,14
1669,6/16/2025,Red,87,Philadelphia,75,Red,81,Harrisburg,33,42
1670,6/16/2025,Violet,96,Nantucket,97,Violet,102,Alaska,49,48
1671,6/16/2025,Red,88,Port St. Lucie,89,Red,89,Sacramento,35,54
1672,6/16/2025,White,108,Montpelier,27,White,104,Connecticut,69,-42
1673,6/16/2025,Gold,38,North Carolina,69,Gold,28,San Antonio,55,14
1674,6/16/2025,Purple,69,Los Angeles,63,Purple,67,Concord,41,22
1675,6/16/2025,Gold,39,Oklahoma,21,Gold,32,Columbus,87,-66
1676,6/16/2025,Violet,93,Indiana,51,Blue,4,Colorado,83,-32
1677,6/16/2025,Crimson,15,Albany,51,Crimson,16,Cape Coral,49,2
1678,6/16/2025,Blue,11,Saint Paul,35,Blue,1,Austin,91,-56
1679,6/16/2025,Yellow,123,Maine,35,Yellow,121,Lansing,67,-32
1680,6/16/2025,Gold,31,Augusta,47,Gold,36,Massachusetts,69,-22
1681,6/16/2025,Gold,33,El Paso,7,Gold,40,Pennsylvania,69,-62
1682,6/16/2025,White,110,Raleigh,41,White,109,Oklahoma City,27,14
1683,6/16/2025,Gold,27,Rhode Island,21,Gold,35,Madison,91,-70
1684,6/16/2025,Red,85,New Hope,83,Green,54,Boise,47,36
1685,6/16/2025,Crimson,21,Lincoln,89,Crimson,24,New York,83,6
1686,6/16/2025,Blue,5,Dover,21,Violet,94,Kentucky,83,-62
1687,6/16/2025,Blue,9,NYC,73,Blue,8,Lakeland,49,24
1688,6/16/2025,Violet,101,Washington,55,Violet,103,Cheyenne,91,-36
1689,6/16/2025,White,115,Wisconsin,107,White,105,Helena,141,-34
1690,6/16/2025,Red,79,Des Moines,91,Red,78,Annapolis,67,24
1691,6/16/2025,White,114,Springfield,55,White,107,Kansas,75,-20
1692,6/16/2025,Violet,92,Illinois,59,Violet,90,Big Sur,35,24
1693,6/16/2025,Crimson,19,Georgia,147,Crimson,17,Dallas,33,114
1694,6/16/2025,Blue,14,Trenton,53,Blue,3,Charlotte,69,-16
1695,6/16/2025,Yellow,119,Houston,61,Yellow,124,Missouri,63,-2
1696,6/16/2025,Yellow,127,Sedona,31,Yellow,116,California,69,-38
1697,6/16/2025,Yellow,120,Iowa,89,Yellow,122,Little Rock,27,62
1698,6/16/2025,Green,44,Bismarck,47,Green,42,Virginia,45,2
1699,6/16/2025,Violet,95,Las Vegas,41,Blue,6,Juneau,95,-54
1700,6/16/2025,Crimson,25,Oregon,51,Crimson,23,Nashville,93,-42
1701,6/16/2025,Purple,66,Alabama,83,Purple,76,Santa Fe,77,6
1702,6/16/2025,Gold,30,Atlanta,13,Gold,37,Minnesota,139,-126
1703,6/16/2025,Violet,100,Vermont,27,Blue,2,Baton Rouge,75,-48
1704,6/16/2025,Green,45,Boise City,125,Green,50,Nebraska,69,56
1705,6/16/2025,Green,46,Boston,123,Green,43,Arkansas,41,82
1706,6/16/2025,Red,82,Jackson,145,Red,83,Jefferson City,27,118
1707,6/16/2025,Purple,70,Maryland,47,Green,52,Utah,67,-20
1708,6/16/2025,Yellow,118,Florida,47,Yellow,125,Montana,19,28
1709,6/27/2025,Red,84,Mississippi,69,Red,85,New Hope,63,6
1710,6/27/2025,White,108,Montpelier,27,White,109,Oklahoma City,55,-28
1711,6/27/2025,Green,45,Boise City,89,Green,47,Chicago,41,48
1712,6/27/2025,Blue,2,Baton Rouge,83,Blue,7,Key Largo,13,70
1713,6/27/2025,White,104,Connecticut,133,White,114,Springfield,35,98
1714,6/27/2025,Yellow,117,Columbia,133,Green,53,Wyoming,97,36
1715,6/27/2025,White,110,Raleigh,51,White,111,Salem,41,10
1716,6/27/2025,Purple,67,Concord,41,Purple,69,Los Angeles,35,6
1717,6/27/2025,Violet,92,Illinois,21,Violet,94,Kentucky,63,-42
1718,6/27/2025,White,106,Indianapolis,63,White,107,Kansas,41,22
1719,6/27/2025,Gold,40,Pennsylvania,49,Gold,36,Massachusetts,61,-12
1720,6/27/2025,Crimson,26,Phoenix,131,Crimson,19,Georgia,117,14
1721,6/27/2025,Blue,4,Colorado,91,White,115,Wisconsin,27,64
1722,6/27/2025,White,105,Helena,57,White,113,South Dakota,71,-14
1723,6/30/2025,Yellow,116,California,89,Yellow,121,Lansing,41,48
1724,6/30/2025,Crimson,20,Hartford,33,Green,51,San Diego,35,-2
1725,1/1/2025,Bronze,139,Prague,67,Bronze,138,Paris,77,-10
1726,1/1/2025,Platinum,144,Hong Kong,163,Platinum,150,Shanghai,141,22
1727,1/1/2025,Platinum,150,Shanghai,125,Platinum,148,Osaka,169,-44
1728,1/1/2025,Silver,161,Norway,131,Silver,158,Ireland,79,52
1729,1/1/2025,Bronze,130,Barcelona,83,Bronze,137,Milan,65,18
1730,1/1/2025,Silver,159,Italy,117,Silver,158,Ireland,31,86
1731,1/2/2025,Platinum,143,Beijing,137,Platinum,151,Shenzhen,165,-28
1732,1/2/2025,Silver,163,Serbia,177,Silver,154,England,149,28
1733,1/2/2025,Silver,157,Iceland,129,Silver,162,Portugal,131,-2
1734,1/2/2025,Platinum,153,Tokyo,95,Platinum,146,Manila,81,14
1735,1/2/2025,Platinum,147,Mumbai,125,Platinum,142,Bangkok,65,60
1736,1/2/2025,Bronze,140,Rome,129,Bronze,133,Florence,149,-20
1737,1/3/2025,Silver,165,Sweden,99,Silver,164,Spain,65,34
1738,1/3/2025,Bronze,132,Berlin,111,Bronze,141,Venice,67,44
1739,1/3/2025,Bronze,137,Milan,37,Bronze,133,Florence,61,-24
1740,1/3/2025,Silver,154,England,151,Silver,158,Ireland,71,80
1741,1/3/2025,Bronze,134,Liverpool,77,Bronze,138,Paris,163,-86
1742,1/3/2025,Bronze,141,Venice,125,Bronze,134,Liverpool,99,26
1743,1/5/2025,Platinum,145,Istanbul,143,Platinum,149,Seoul,121,22
1744,1/5/2025,Platinum,148,Osaka,173,Platinum,142,Bangkok,93,80
1745,1/5/2025,Silver,162,Portugal,67,Silver,156,Germany,123,-56
1746,1/5/2025,Silver,158,Ireland,73,Silver,164,Spain,119,-46
1747,1/5/2025,Silver,164,Spain,53,Silver,155,France,35,18
1748,1/5/2025,Bronze,135,London,77,Bronze,140,Rome,39,38
1749,1/11/2025,Silver,156,Germany,69,Silver,154,England,145,-76
1750,1/11/2025,Platinum,149,Seoul,145,Platinum,144,Hong Kong,159,-14
1751,1/11/2025,Platinum,151,Shenzhen,99,Platinum,148,Osaka,141,-42
1752,1/11/2025,Bronze,136,Madrid,75,Bronze,131,Belgrade,105,-30
1753,1/11/2025,Platinum,142,Bangkok,17,Platinum,153,Tokyo,175,-158
1754,1/11/2025,Silver,160,Netherlands,99,Silver,161,Norway,19,80
1755,1/12/2025,Bronze,131,Belgrade,127,Bronze,130,Barcelona,133,-6
1756,1/12/2025,Bronze,133,Florence,71,Bronze,131,Belgrade,93,-22
1757,1/12/2025,Silver,155,France,165,Silver,159,Italy,153,12
1758,1/12/2025,Platinum,146,Manila,89,Platinum,148,Osaka,93,-4
1759,1/12/2025,Platinum,152,Singapore,79,Platinum,150,Shanghai,53,26
1760,1/12/2025,Bronze,138,Paris,69,Bronze,133,Florence,85,-16
1761,1/23/2025,Platinum,142,Bangkok,53,Platinum,145,Istanbul,131,-78
1762,1/23/2025,Bronze,141,Venice,89,Bronze,139,Prague,125,-36
1763,1/23/2025,Silver,165,Sweden,141,Silver,162,Portugal,71,70
1764,1/23/2025,Platinum,144,Hong Kong,121,Platinum,151,Shenzhen,101,20
1765,1/23/2025,Bronze,137,Milan,135,Bronze,138,Paris,167,-32
1766,1/23/2025,Bronze,134,Liverpool,51,Bronze,140,Rome,153,-102
1767,1/24/2025,Platinum,146,Manila,85,Platinum,150,Shanghai,45,40
1768,1/24/2025,Bronze,133,Florence,19,Bronze,132,Berlin,55,-36
1769,1/24/2025,Silver,155,France,53,Silver,160,Netherlands,89,-36
1770,1/24/2025,Silver,160,Netherlands,141,Silver,157,Iceland,151,-10
1771,1/24/2025,Bronze,131,Belgrade,87,Bronze,132,Berlin,91,-4
1772,1/24/2025,Bronze,136,Madrid,49,Bronze,141,Venice,47,2
1773,2/4/2025,Silver,158,Ireland,53,Silver,157,Iceland,121,-68
1774,2/4/2025,Bronze,130,Barcelona,109,Bronze,135,London,111,-2
1775,2/4/2025,Silver,161,Norway,11,Silver,159,Italy,15,-4
1776,2/4/2025,Bronze,135,London,27,Bronze,132,Berlin,49,-22
1777,2/4/2025,Silver,156,Germany,153,Silver,161,Norway,165,-12
1778,2/4/2025,Bronze,139,Prague,69,Bronze,135,London,37,32
1779,2/5/2025,Platinum,150,Shanghai,49,Platinum,147,Mumbai,63,-14
1780,2/5/2025,Platinum,148,Osaka,177,Platinum,145,Istanbul,149,28
1781,2/5/2025,Platinum,153,Tokyo,159,Platinum,143,Beijing,115,44
1782,2/5/2025,Platinum,143,Beijing,53,Platinum,145,Istanbul,23,30
1783,2/5/2025,Bronze,132,Berlin,163,Bronze,134,Liverpool,117,46
1784,2/5/2025,Platinum,152,Singapore,47,Platinum,143,Beijing,31,16
1785,2/18/2025,Platinum,149,Seoul,67,Platinum,152,Singapore,45,22
1786,2/18/2025,Bronze,140,Rome,107,Bronze,137,Milan,163,-56
1787,2/18/2025,Silver,157,Iceland,37,Silver,156,Germany,23,14
1788,2/18/2025,Platinum,145,Istanbul,119,Platinum,144,Hong Kong,127,-8
1789,2/18/2025,Silver,164,Spain,79,Silver,157,Iceland,77,2
1790,2/18/2025,Silver,162,Portugal,137,Silver,163,Serbia,159,-22
1791,2/19/2025,Platinum,151,Shenzhen,25,Platinum,146,Manila,19,6
1792,2/19/2025,Silver,159,Italy,7,Silver,154,England,19,-12
1793,2/19/2025,Platinum,147,Mumbai,75,Platinum,149,Seoul,79,-4
1794,2/19/2025,Silver,154,England,99,Silver,165,Sweden,135,-36
1795,2/19/2025,Bronze,138,Paris,11,Bronze,136,Madrid,23,-12
1796,2/19/2025,Silver,163,Serbia,39,Silver,160,Netherlands,27,12
1797,3/3/2025,Platinum,145,Istanbul,93,Platinum,152,Singapore,131,-38
1798,3/3/2025,Bronze,136,Madrid,123,Bronze,134,Liverpool,83,40
1799,3/3/2025,Bronze,131,Belgrade,133,Bronze,139,Prague,145,-12
1800,3/3/2025,Silver,163,Serbia,51,Silver,165,Sweden,119,-68
1801,3/3/2025,Platinum,150,Shanghai,59,Platinum,153,Tokyo,147,-88
1802,3/3/2025,Silver,161,Norway,61,Silver,164,Spain,157,-96
1803,3/4/2025,Silver,160,Netherlands,87,Silver,159,Italy,97,-10
1804,3/4/2025,Bronze,130,Barcelona,85,Bronze,140,Rome,13,72
1805,3/4/2025,Platinum,147,Mumbai,109,Platinum,144,Hong Kong,39,70
1806,3/4/2025,Silver,156,Germany,63,Silver,160,Netherlands,95,-32
1807,3/4/2025,Platinum,146,Manila,107,Platinum,147,Mumbai,83,24
1808,3/4/2025,Bronze,137,Milan,175,Bronze,136,Madrid,75,100
1809,3/17/2025,Bronze,134,Liverpool,77,Bronze,135,London,147,-70
1810,3/17/2025,Bronze,139,Prague,55,Bronze,136,Madrid,23,32
1811,3/17/2025,Platinum,143,Beijing,97,Platinum,146,Manila,45,52
1812,3/17/2025,Silver,164,Spain,69,Silver,163,Serbia,93,-24
1813,3/17/2025,Bronze,135,London,113,Bronze,137,Milan,151,-38
1814,3/17/2025,Silver,158,Ireland,163,Silver,162,Portugal,73,90
1815,3/18/2025,Bronze,140,Rome,45,Bronze,131,Belgrade,119,-74
1816,3/18/2025,Bronze,133,Florence,37,Bronze,141,Venice,25,12
1817,3/18/2025,Bronze,141,Venice,113,Bronze,130,Barcelona,109,4
1818,3/18/2025,Silver,159,Italy,167,Silver,165,Sweden,175,-8
1819,3/18/2025,Silver,157,Iceland,139,Silver,163,Serbia,167,-28
1820,3/18/2025,Platinum,148,Osaka,167,Platinum,149,Seoul,163,4
1821,4/1/2025,Bronze,138,Paris,93,Bronze,130,Barcelona,87,6
1822,4/1/2025,Silver,154,England,61,Silver,155,France,33,28
1823,4/1/2025,Silver,162,Portugal,73,Silver,155,France,133,-60
1824,4/1/2025,Bronze,132,Berlin,103,Bronze,139,Prague,35,68
1825,4/1/2025,Platinum,151,Shenzhen,167,Platinum,142,Bangkok,101,66
1826,4/1/2025,Platinum,142,Bangkok,93,Platinum,152,Singapore,169,-76
1827,4/2/2025,Platinum,149,Seoul,53,Platinum,153,Tokyo,55,-2
1828,4/2/2025,Platinum,144,Hong Kong,123,Platinum,143,Beijing,67,56
1829,4/2/2025,Silver,155,France,53,Silver,161,Norway,11,42
1830,4/2/2025,Silver,165,Sweden,131,Silver,156,Germany,169,-38
1831,4/2/2025,Platinum,153,Tokyo,103,Platinum,151,Shenzhen,77,26
1832,4/2/2025,Platinum,152,Singapore,113,Platinum,147,Mumbai,153,-40
1833,4/14/2025,Bronze,136,Madrid,93,Platinum,142,Bangkok,13,80
1834,4/14/2025,Platinum,144,Hong Kong,73,Silver,154,England,107,-34
1835,4/14/2025,Platinum,143,Beijing,85,Silver,161,Norway,47,38
1836,4/14/2025,Platinum,151,Shenzhen,137,Silver,158,Ireland,77,60
1837,4/14/2025,Bronze,134,Liverpool,101,Platinum,150,Shanghai,57,44
1838,4/14/2025,Platinum,152,Singapore,27,Silver,154,England,13,14
1839,4/15/2025,Bronze,132,Berlin,125,Platinum,149,Seoul,159,-34
1840,4/15/2025,Silver,163,Serbia,37,Bronze,138,Paris,15,22
1841,4/15/2025,Platinum,148,Osaka,141,Silver,164,Spain,105,36
1842,4/15/2025,Bronze,139,Prague,147,Platinum,150,Shanghai,55,92
1843,4/15/2025,Silver,164,Spain,77,Bronze,130,Barcelona,103,-26
1844,4/15/2025,Bronze,137,Milan,55,Platinum,148,Osaka,21,34
1845,4/16/2025,Silver,158,Ireland,65,Bronze,131,Belgrade,123,-58
1846,4/16/2025,Bronze,138,Paris,151,Platinum,148,Osaka,101,50
1847,4/16/2025,Platinum,150,Shanghai,109,Silver,158,Ireland,145,-36
1848,4/16/2025,Bronze,135,London,129,Platinum,151,Shenzhen,59,70
1849,4/16/2025,Platinum,153,Tokyo,115,Silver,159,Italy,47,68
1850,4/16/2025,Bronze,130,Barcelona,177,Platinum,146,Manila,153,24
1851,4/28/2025,Platinum,149,Seoul,85,Silver,156,Germany,53,32
1852,4/28/2025,Silver,157,Iceland,17,Bronze,141,Venice,33,-16
1853,4/28/2025,Bronze,133,Florence,97,Platinum,142,Bangkok,53,44
1854,4/28/2025,Silver,156,Germany,15,Bronze,138,Paris,81,-66
1855,4/28/2025,Bronze,140,Rome,87,Platinum,148,Osaka,151,-64
1856,4/28/2025,Bronze,131,Belgrade,21,Platinum,153,Tokyo,17,4
1857,4/29/2025,Bronze,141,Venice,69,Platinum,144,Hong Kong,49,20
1858,4/29/2025,Silver,162,Portugal,75,Bronze,134,Liverpool,65,10
1859,4/29/2025,Silver,160,Netherlands,175,Bronze,140,Rome,155,20
1860,4/29/2025,Platinum,147,Mumbai,117,Silver,164,Spain,153,-36
1861,4/29/2025,Platinum,142,Bangkok,129,Silver,155,France,163,-34
1862,4/29/2025,Platinum,145,Istanbul,37,Silver,162,Portugal,15,22
1863,4/30/2025,Silver,159,Italy,173,Bronze,133,Florence,171,2
1864,4/30/2025,Silver,155,France,9,Bronze,137,Milan,73,-64
1865,4/30/2025,Silver,161,Norway,41,Bronze,133,Florence,91,-50
1866,4/30/2025,Platinum,146,Manila,79,Silver,158,Ireland,67,12
1867,4/30/2025,Silver,154,England,117,Bronze,133,Florence,63,54
1868,4/30/2025,Silver,165,Sweden,77,Bronze,131,Belgrade,133,-56
1869,5/13/2025,Platinum,146,Manila,99,Silver,154,England,125,-26
1870,5/13/2025,Silver,164,Spain,63,Bronze,132,Berlin,45,18
1871,5/13/2025,Silver,159,Italy,101,Bronze,138,Paris,97,4
1872,5/13/2025,Platinum,150,Shanghai,123,Silver,165,Sweden,175,-52
1873,5/13/2025,Platinum,147,Mumbai,95,Silver,162,Portugal,91,4
1874,5/13/2025,Platinum,145,Istanbul,7,Silver,156,Germany,9,-2
1875,5/14/2025,Silver,158,Ireland,13,Bronze,132,Berlin,115,-102
1876,5/14/2025,Bronze,132,Berlin,89,Platinum,144,Hong Kong,51,38
1877,5/14/2025,Bronze,141,Venice,83,Platinum,152,Singapore,139,-56
1878,5/14/2025,Platinum,151,Shenzhen,55,Silver,159,Italy,131,-76
1879,5/14/2025,Bronze,140,Rome,57,Platinum,146,Manila,119,-62
1880,5/14/2025,Bronze,138,Paris,169,Platinum,147,Mumbai,141,28
1881,5/15/2025,Silver,156,Germany,119,Bronze,140,Rome,71,48
1882,5/15/2025,Silver,161,Norway,35,Bronze,137,Milan,123,-88
1883,5/15/2025,Bronze,135,London,97,Platinum,145,Istanbul,107,-10
1884,5/15/2025,Platinum,143,Beijing,53,Silver,157,Iceland,111,-58
1885,5/15/2025,Bronze,139,Prague,43,Platinum,143,Beijing,47,-4
1886,5/15/2025,Silver,155,France,97,Bronze,135,London,123,-26
1887,5/16/2025,Bronze,134,Liverpool,59,Platinum,151,Shenzhen,73,-14
1888,5/16/2025,Platinum,152,Singapore,33,Silver,160,Netherlands,9,24
1889,5/16/2025,Bronze,133,Florence,89,Platinum,145,Istanbul,91,-2
1890,5/16/2025,Bronze,136,Madrid,85,Platinum,149,Seoul,153,-68
1891,5/16/2025,Platinum,144,Hong Kong,163,Silver,161,Norway,95,68
1892,5/16/2025,Bronze,130,Barcelona,89,Platinum,143,Beijing,103,-14
1893,5/28/2025,Bronze,137,Milan,63,Platinum,150,Shanghai,47,16
1894,5/28/2025,Platinum,142,Bangkok,105,Silver,157,Iceland,113,-8
1895,5/28/2025,Silver,160,Netherlands,109,Bronze,132,Berlin,99,10
1896,5/28/2025,Silver,162,Portugal,113,Bronze,139,Prague,171,-58
1897,5/28/2025,Bronze,131,Belgrade,69,Platinum,145,Istanbul,13,56
1898,5/28/2025,Platinum,153,Tokyo,177,Silver,160,Netherlands,167,10
1899,5/29/2025,Platinum,148,Osaka,49,Silver,157,Iceland,31,18
1900,5/29/2025,Silver,157,Iceland,113,Bronze,134,Liverpool,79,34
1901,5/29/2025,Platinum,149,Seoul,135,Silver,163,Serbia,117,18
1902,5/29/2025,Silver,165,Sweden,99,Bronze,141,Venice,89,10
1903,5/29/2025,Silver,154,England,141,Bronze,136,Madrid,119,22
1904,5/29/2025,Silver,163,Serbia,97,Bronze,135,London,87,10
1905,5/30/2025,Bronze,137,Milan,125,Platinum,147,Mumbai,107,18
1906,5/30/2025,Silver,156,Germany,73,Bronze,135,London,137,-64
1907,5/30/2025,Silver,158,Ireland,39,Bronze,141,Venice,153,-114
1908,5/30/2025,Silver,154,England,85,Bronze,130,Barcelona,109,-24
1909,5/30/2025,Silver,164,Spain,65,Bronze,139,Prague,35,30
1910,5/30/2025,Platinum,148,Osaka,69,Silver,162,Portugal,21,48
1911,6/11/2025,Bronze,130,Barcelona,123,Platinum,151,Shenzhen,47,76
1912,6/11/2025,Bronze,132,Berlin,131,Platinum,152,Singapore,153,-22
1913,6/11/2025,Platinum,146,Manila,175,Silver,165,Sweden,141,34
1914,6/11/2025,Platinum,151,Shenzhen,163,Silver,164,Spain,139,24
1915,6/11/2025,Platinum,149,Seoul,119,Silver,155,France,43,76
1916,6/11/2025,Silver,162,Portugal,31,Bronze,130,Barcelona,79,-48
1917,6/12/2025,Bronze,133,Florence,11,Platinum,149,Seoul,51,-40
1918,6/12/2025,Silver,155,France,33,Bronze,140,Rome,27,6
1919,6/12/2025,Bronze,140,Rome,171,Platinum,142,Bangkok,135,36
1920,6/12/2025,Silver,165,Sweden,95,Bronze,134,Liverpool,61,34
1921,6/12/2025,Bronze,138,Paris,67,Platinum,153,Tokyo,151,-84
1922,6/12/2025,Platinum,153,Tokyo,139,Silver,161,Norway,117,22
1923,6/16/2025,Bronze,131,Belgrade,55,Platinum,152,Singapore,71,-16
1924,6/16/2025,Platinum,150,Shanghai,23,Silver,155,France,127,-104
1925,6/16/2025,Bronze,135,London,169,Platinum,146,Manila,177,-8
1926,6/16/2025,Silver,157,Iceland,123,Bronze,139,Prague,89,34
1927,6/16/2025,Platinum,147,Mumbai,43,Silver,156,Germany,45,-2
1928,6/16/2025,Platinum,142,Bangkok,77,Silver,163,Serbia,135,-58
1929,6/27/2025,Bronze,139,Prague,123,Platinum,147,Mumbai,133,-10
1930,6/27/2025,Silver,163,Serbia,81,Bronze,136,Madrid,25,56
1931,6/27/2025,Silver,160,Netherlands,23,Bronze,137,Milan,119,-96
1932,6/27/2025,Silver,159,Italy,83,Bronze,136,Madrid,7,76
1933,6/27/2025,Bronze,136,Madrid,143,Platinum,144,Hong Kong,159,-16
1934,6/27/2025,Bronze,141,Venice,83,Platinum,153,Tokyo,125,-42
1935,6/30/2025,Platinum,143,Beijing,93,Silver,159,Italy,159,-66
1936,6/30/2025,Platinum,144,Hong Kong,125,Silver,160,Netherlands,177,-52
1937,6/30/2025,Silver,161,Norway,121,Bronze,131,Belgrade,161,-40
1938,6/30/2025,Platinum,152,Singapore,129,Silver,165,Sweden,145,-16
1939,6/30/2025,Platinum,145,Istanbul,177,Silver,163,Serbia,141,36
1940,6/30/2025,Bronze,134,Liverpool,119,Platinum,143,Beijing,141,-22
